7,,Gomel,,,"",f,"","","",Mike Johnson
10,2018-11-12,Minsk,,,"",f,"","","",Mike Johnson
11,2018-11-12,Minsk,,,"",f,"","","",John Doe
6,,Gomel,,,"",f,"","","",Jane Doe
9,,Minsk,,,"",f,"","","",Jane Doe
8,,Minsk,,,"",f,"","","",John Doe
16,2018-11-13,Minsk,,,"",f,"","","",John Doe
17,2018-11-13,Minsk,,,"",f,"","","",John Doe
20,,Gomel,,,"",f,"","","",John Doe
28,,Minsk,,,"",f,"","","",Company
4,2018-11-13,Gomel,,,"",f,admin@mail.com,$2a$10$tmaPl.6aAfn0FrnrEocKj.GZrPBNuKAr56TfXy39QvHApPAkHemYa,"",Mike Johnson
5,2018-11-13,Gomel,,,"",f,john5@mail.com,$2a$04$Z44IwuxX5oC6tScYwY07Ouo/XMjm5yniMrJw6X8HUz/Nknl3afS8u,"",John Doe
1,2018-11-12,Gomel,,,"",f,service@mail.com,$2a$10$tmaPl.6aAfn0FrnrEocKj.GZrPBNuKAr56TfXy39QvHApPAkHemYa,"",Silver#_Clean
2,2018-11-12,Gomel,,,"",f,service2@mail.com,$2a$10$tmaPl.6aAfn0FrnrEocKj.GZrPBNuKAr56TfXy39QvHApPAkHemYa,"",Gold#_Clean
3,2018-11-12,Gomel,,,"",f,service3@mail.com,$2a$10$tmaPl.6aAfn0FrnrEocKj.GZrPBNuKAr56TfXy39QvHApPAkHemYa,"",Jane Doe
14,2018-11-12,Minsk,,,"",f,"","","",John Doe
19,,Gomel,,,"",f,"","","",Mike Johnson
21,,Gomel,,,"",f,"","","",Jane Doe
22,,Gomel,,,"",f,"","","",Mike Johnson
23,,Gomel,,,"",f,"","","",John Doe
25,,Gomel,,,"",f,"","","",Mike Johnson
26,,Gomel,,,"",f,"","","",John Doe
27,,Minsk,,,"",f,"","","",Jane Doe
29,,Minsk,,,"",f,"","","",Company
